{"cameraMode":{"drawMode":0,"name":"Shaded","section":"Shading Mode"},"sceneLighting":true,"audioPlay":false,"sceneViewState":{"showFog":true,"showMaterialUpdate":false,"showSkybox":true,"showFlares":true,"showImageEffects":true,"showParticleSystems":true},"in2DMode":false,"pivot":{"x":2.8980460166931154,"y":-6.9962615966796879,"z":-9.248161315917969},"rotation":{"x":0.4914959967136383,"y":0.01567419059574604,"z":-0.008847885765135289,"w":0.8706939816474915},"size":35.577857971191409,"orthographic":false}